-- Valoria NPC Registry v3.2 — 46 NPCs

BEGIN TRANSACTION;
CREATE TABLE convictions (npc_id TEXT, conviction TEXT, weight REAL, rank INTEGER);
INSERT INTO "convictions" VALUES('NPC-001','Warden',0.4,1);
INSERT INTO "convictions" VALUES('NPC-001','Precedent',0.2,2);
INSERT INTO "convictions" VALUES('NPC-002','Equity',0.5,1);
INSERT INTO "convictions" VALUES('NPC-002','Warden',0.3,2);
INSERT INTO "convictions" VALUES('NPC-003','Equity',0.4,1);
INSERT INTO "convictions" VALUES('NPC-003','Warden',0.25,2);
INSERT INTO "convictions" VALUES('NPC-004','Faith',0.6,1);
INSERT INTO "convictions" VALUES('NPC-004','Authority',0.2,2);
INSERT INTO "convictions" VALUES('NPC-005','Utility',0.4,1);
INSERT INTO "convictions" VALUES('NPC-005','Honor',0.2,2);
INSERT INTO "convictions" VALUES('NPC-006','Honor',0.35,1);
INSERT INTO "convictions" VALUES('NPC-006','Authority',0.25,2);
INSERT INTO "convictions" VALUES('NPC-007','Utility',0.5,1);
INSERT INTO "convictions" VALUES('NPC-007','Community',0.1,2);
INSERT INTO "convictions" VALUES('NPC-008','Order',0.4,1);
INSERT INTO "convictions" VALUES('NPC-008','Precedent',0.2,2);
INSERT INTO "convictions" VALUES('NPC-009','Authority',0.3,1);
INSERT INTO "convictions" VALUES('NPC-009','Utility',0.3,2);
INSERT INTO "convictions" VALUES('NPC-010','Utility',0.3,1);
INSERT INTO "convictions" VALUES('NPC-010','Honor',0.3,2);
INSERT INTO "convictions" VALUES('NPC-011','Virtue',0.5,1);
INSERT INTO "convictions" VALUES('NPC-011','Authority',0.2,2);
INSERT INTO "convictions" VALUES('NPC-012','Utility',0.3,1);
INSERT INTO "convictions" VALUES('NPC-012','Order',0.3,2);
INSERT INTO "convictions" VALUES('NPC-013','Order',0.5,1);
INSERT INTO "convictions" VALUES('NPC-013','Liberty',0.3,2);
INSERT INTO "convictions" VALUES('NPC-020','Virtue',0.45,1);
INSERT INTO "convictions" VALUES('NPC-020','Authority',0.3,2);
INSERT INTO "convictions" VALUES('NPC-021','Faith',0.5,1);
INSERT INTO "convictions" VALUES('NPC-021','Authority',0.2,2);
INSERT INTO "convictions" VALUES('NPC-032','Equity',0.45,1);
INSERT INTO "convictions" VALUES('NPC-032','Liberty',0.25,2);
INSERT INTO "convictions" VALUES('NPC-033','Liberty',0.3,1);
INSERT INTO "convictions" VALUES('NPC-033','Utility',0.3,2);
INSERT INTO "convictions" VALUES('NPC-034','Faith',0.6,1);
INSERT INTO "convictions" VALUES('NPC-034','Authority',0.2,2);
INSERT INTO "convictions" VALUES('NPC-035','Order',0.35,1);
INSERT INTO "convictions" VALUES('NPC-035','Authority',0.25,2);
INSERT INTO "convictions" VALUES('NPC-036','Order',0.35,1);
INSERT INTO "convictions" VALUES('NPC-036','Authority',0.25,2);
INSERT INTO "convictions" VALUES('NPC-037','Precedent',0.35,1);
INSERT INTO "convictions" VALUES('NPC-037','Authority',0.25,2);
INSERT INTO "convictions" VALUES('NPC-038','Faith',0.6,1);
INSERT INTO "convictions" VALUES('NPC-038','Authority',0.2,2);
INSERT INTO "convictions" VALUES('NPC-039','Scholastic',0.35,1);
INSERT INTO "convictions" VALUES('NPC-039','Faith',0.25,2);
INSERT INTO "convictions" VALUES('NPC-040','Faith',0.5,1);
INSERT INTO "convictions" VALUES('NPC-040','Order',0.3,2);
INSERT INTO "convictions" VALUES('NPC-050','Precedent',0.5,1);
INSERT INTO "convictions" VALUES('NPC-050','Authority',0.3,2);
INSERT INTO "convictions" VALUES('NPC-052','Equity',0.35,1);
INSERT INTO "convictions" VALUES('NPC-052','Utility',0.3,2);
INSERT INTO "convictions" VALUES('NPC-070','Order',0.6,1);
INSERT INTO "convictions" VALUES('NPC-070','Liberty',0.2,2);
INSERT INTO "convictions" VALUES('NPC-071','Precedent',0.7,1);
INSERT INTO "convictions" VALUES('NPC-072','Order',0.7,1);
INSERT INTO "convictions" VALUES('NPC-073','Warden',0.7,1);
INSERT INTO "convictions" VALUES('NPC-074','Community',0.7,1);
INSERT INTO "convictions" VALUES('NPC-075','Warden',0.6,1);
INSERT INTO "convictions" VALUES('NPC-075','Equity',0.2,2);
INSERT INTO "convictions" VALUES('NPC-080','Honor',0.6,1);
INSERT INTO "convictions" VALUES('NPC-080','Utility',0.2,2);
INSERT INTO "convictions" VALUES('NPC-081','Community',0.5,1);
INSERT INTO "convictions" VALUES('NPC-081','Precedent',0.3,2);
INSERT INTO "convictions" VALUES('NPC-082','Identity',0.6,1);
INSERT INTO "convictions" VALUES('NPC-082','Honor',0.2,2);
INSERT INTO "convictions" VALUES('NPC-083','Authority',0.5,1);
INSERT INTO "convictions" VALUES('NPC-083','Order',0.3,2);
INSERT INTO "convictions" VALUES('NPC-084','Community',0.7,1);
INSERT INTO "convictions" VALUES('NPC-085','Liberty',0.5,1);
INSERT INTO "convictions" VALUES('NPC-085','Scholastic',0.3,2);
INSERT INTO "convictions" VALUES('NPC-086','Scholastic',0.6,1);
INSERT INTO "convictions" VALUES('NPC-086','Utility',0.2,2);
INSERT INTO "convictions" VALUES('NPC-087','Community',0.5,1);
INSERT INTO "convictions" VALUES('NPC-087','Equity',0.3,2);
INSERT INTO "convictions" VALUES('NPC-088','Liberty',0.6,1);
INSERT INTO "convictions" VALUES('NPC-088','Equity',0.2,2);
INSERT INTO "convictions" VALUES('NPC-089','Identity',0.5,1);
INSERT INTO "convictions" VALUES('NPC-089','Authority',0.3,2);
INSERT INTO "convictions" VALUES('NPC-090','Precedent',0.5,1);
INSERT INTO "convictions" VALUES('NPC-090','Order',0.3,2);
CREATE TABLE goals (npc_id TEXT, goal TEXT);
INSERT INTO "goals" VALUES('NPC-001','Maintain substrate stability');
INSERT INTO "goals" VALUES('NPC-001','Protect Southernmost practitioners');
INSERT INTO "goals" VALUES('NPC-001','Continue the work regardless of interference');
INSERT INTO "goals" VALUES('NPC-002','Serve Varfell intelligence');
INSERT INTO "goals" VALUES('NPC-002','Privately sympathize with Restoration Movement');
INSERT INTO "goals" VALUES('NPC-003','Cultural restoration');
INSERT INTO "goals" VALUES('NPC-003','Equity and social contract');
INSERT INTO "goals" VALUES('NPC-004','Investigate heresy');
INSERT INTO "goals" VALUES('NPC-004','Enforce Church orthodoxy');
INSERT INTO "goals" VALUES('NPC-005','Mission success');
INSERT INTO "goals" VALUES('NPC-005','Minimize Thread collateral');
INSERT INTO "goals" VALUES('NPC-006','Counter Altonian threat');
INSERT INTO "goals" VALUES('NPC-006','Strengthen peninsular defenses');
INSERT INTO "goals" VALUES('NPC-007','Maximize Guilds Wealth');
INSERT INTO "goals" VALUES('NPC-007','Protect artisan livelihoods');
INSERT INTO "goals" VALUES('NPC-008','Maintain procedural correctness');
INSERT INTO "goals" VALUES('NPC-008','Block radical action through procedure');
INSERT INTO "goals" VALUES('NPC-009','Efficient Crown administration');
INSERT INTO "goals" VALUES('NPC-009','Maintain personal indispensability');
INSERT INTO "goals" VALUES('NPC-010','Maintain Virke trade network');
INSERT INTO "goals" VALUES('NPC-010','Protect personal trust relationships');
INSERT INTO "goals" VALUES('NPC-011','Protect Elske''s safety');
INSERT INTO "goals" VALUES('NPC-011','Maintain province stability');
INSERT INTO "goals" VALUES('NPC-011','Sandbag imperial directives');
INSERT INTO "goals" VALUES('NPC-012','Maintain stable trade');
INSERT INTO "goals" VALUES('NPC-012','Avoid escalation');
INSERT INTO "goals" VALUES('NPC-012','Return home eventually');
INSERT INTO "goals" VALUES('NPC-013','Maximize Church Wealth throughput');
INSERT INTO "goals" VALUES('NPC-013','Aggressive tithe collection');
INSERT INTO "goals" VALUES('NPC-032','Einhir revival through Crown authority');
INSERT INTO "goals" VALUES('NPC-032','Caste dismantlement through royal decree');
INSERT INTO "goals" VALUES('NPC-050','Sovereign Authority Doctrine');
INSERT INTO "goals" VALUES('NPC-050','Constitutional framework supersedes Church jurisdiction');
INSERT INTO "goals" VALUES('NPC-050','Hafenmark parliamentary sovereignty');
INSERT INTO "goals" VALUES('NPC-052','Einhir cultural revival at any cost');
INSERT INTO "goals" VALUES('NPC-052','Varfell military expansion');
INSERT INTO "goals" VALUES('NPC-052','Dismantle post-war caste order');
INSERT INTO "goals" VALUES('NPC-052','Intelligence-first approach to RM');
INSERT INTO "goals" VALUES('NPC-075','The work. Only the work.');
CREATE TABLE npcs (id TEXT PRIMARY KEY, first_name TEXT, last_name TEXT, faction TEXT, role TEXT, status TEXT, title TEXT, age TEXT, birthplace TEXT, territory TEXT, ts TEXT, coherence TEXT, certainty TEXT, resonant_style TEXT, self_other_initial REAL, cultural_label TEXT, arc_trajectory TEXT, source TEXT, notes TEXT);
INSERT INTO "npcs" VALUES('NPC-001','Edeyja',NULL,'Independent (Southernmost Wardens)','Warden-Chief','canonical',NULL,NULL,'Southernmost','T15 (Southernmost)','75–80','9',NULL,'Evidence',-0.3,'varfell_alpine','Warden-Chief navigating Church pressure and Thread instability','designs/npcs/edeyja_npc.md, npc_roster_v30 §1','Highest TS of any living practitioner. Survived proximity to a major Gap/tear.');
INSERT INTO "npcs" VALUES('NPC-002','Maret','Uln','Varfell','Practitioner / Succession Fallback','canonical',NULL,NULL,'Western fjords (near southern Einhir communities in Varfell territory)',NULL,'~50',NULL,NULL,NULL,-0.1,'restoration_reformist','Dual loyalty — personal sympathy vs professional duty. If Vaynard eliminated, takes Varfell leadership (PP-486).','npc_roster_v30 §2','Vaynard''s intelligence operative. Thread-sensitive. RM-adjacent targets consistently 1 season behind. Southern Einhir solidarity.');
INSERT INTO "npcs" VALUES('NPC-003','Yrsa','Vossen','Restoration Movement','RM Leader','canonical',NULL,NULL,NULL,NULL,'25',NULL,NULL,NULL,-0.3,'varfell_alpine','Visibility as vulnerability — permanent Heresy Investigation target','npc_roster_v30 §3','TS 25 — above practitioner threshold but below Forgetting resistance gate (29). PP-665 rename from Maret Vossen.');
INSERT INTO "npcs" VALUES('NPC-004','Sæmund','Haelgrund','Church','Field Inquisitor (deployed at AP ≥ 3)','canonical',NULL,NULL,NULL,NULL,'15',NULL,NULL,NULL,0.0,'ecclesiastical','Latent TS — doesn''t know he''s Thread Sensitive. PC diagnosis possible (Cognition vs Ob 2).','npc_roster_v30 §4','TS 15. Attributes Thread perception to investigative instinct. Field Inquisitor, NOT Cardinal. Savonarola archetype.');
INSERT INTO "npcs" VALUES('NPC-005','Sigrid','Torsvald','Löwenritter','TS Riskbreaker (Covert)','canonical',NULL,NULL,NULL,NULL,'35',NULL,NULL,NULL,0.0,'lowenritter_military','Risk-averse on Thread collateral despite Riskbreaker doctrine — TS lets her perceive damage colleagues can''t.','npc_roster_v30 §5',NULL);
INSERT INTO "npcs" VALUES('NPC-006','Halvar','Brandt','Löwenritter','Officer (Lions'' Table)','canonical',NULL,NULL,'Halvardshelm',NULL,NULL,NULL,NULL,NULL,-0.1,'lowenritter_military','External threat fixated — evaluates every action against Altonian metric. Brandt succession if Ehrenwall falls.','npc_roster_v30 §6','Named after birthplace Halvardshelm — confirmed intentional.');
INSERT INTO "npcs" VALUES('NPC-007','Annika','Feldhaus','Guilds','Guilds Representative','canonical',NULL,NULL,NULL,NULL,NULL,NULL,NULL,NULL,0.1,'hafenmark_procedural','Profit-maximizing — sacrifices Guilds Mandate for Wealth. Thread-touched supply chain discoverable.','npc_roster_v30 §7',NULL);
INSERT INTO "npcs" VALUES('NPC-008','Peder','Almstedt','Crown (Ministry)','Ministry Bureaucrat (Chief Parliamentary Clerk)','canonical',NULL,NULL,NULL,NULL,NULL,NULL,NULL,NULL,0.0,'valorian_court','CONSERVATIVE — blocks radical action through procedure, not force. Cognition-heavy social contest target.','npc_roster_v30 §8',NULL);
INSERT INTO "npcs" VALUES('NPC-009','Gerik','Strand','Crown','Crown Minister (Lord Steward)','canonical',NULL,NULL,NULL,NULL,NULL,NULL,NULL,NULL,-0.1,'valorian_court','OVERPERFORMER — runs every important task. Flattery vulnerability (−1 Ob on social actions acknowledging competence).','npc_roster_v30 §9',NULL);
INSERT INTO "npcs" VALUES('NPC-010','Dalla','Virke','Independent (Virke syndicate — Niflhel DISSOLVED)','Syndicate Broker','canonical',NULL,NULL,NULL,NULL,NULL,NULL,NULL,NULL,0.1,'hafenmark_procedural','Personal loyalty to partners vs family directives. Third conflict with family triggers enforcement.','npc_roster_v30 §10',NULL);
INSERT INTO "npcs" VALUES('NPC-011','Alexios','Laskaris','Altonia','Doux (Altonian Prince)','canonical','Doux',NULL,'Altonia',NULL,NULL,NULL,NULL,NULL,-0.2,'altonian','PROTECTIVE — priority is Elske''s safety. Virtue = Byzantine governance-as-moral-cultivation. Periodic visitor, royal welcome. Flips if Elske Loyalty ≤ 2. Manuel II Palaiologos archetype.','npc_roster_v30 §11',NULL);
INSERT INTO "npcs" VALUES('NPC-012','Rikard','Solberg','Independent (Schoenland)','Schoenland Factor','canonical',NULL,NULL,'Schoenland','T16 (Schoenland)',NULL,NULL,NULL,NULL,0.0,'hafenmark_procedural','STABILITY-SEEKING — natural ally for peace, obstacle for escalation. Motivated by homesickness (discoverable via Read Ob 2).','npc_roster_v30 §12',NULL);
INSERT INTO "npcs" VALUES('NPC-013','Aldric','Tormann','Church','Fourth Cardinal (Prudence)','canonical',NULL,NULL,NULL,NULL,NULL,NULL,NULL,NULL,0.1,'ecclesiastical','Parish Revolt arc or PC intervention path. Inadvertently funds Church charitable mission while undermining cultural authority.','npc_roster_v30 §13, npc_character_analyses_v30_infill',NULL);
INSERT INTO "npcs" VALUES('NPC-020','Almud','Almqvist','Crown','King','canonical','King',NULL,NULL,'T1 (Valorsplatz)','28',NULL,NULL,NULL,-0.1,'valorian_court','Canonical Crown Captain per sim continuity §1.2. Royal Assassination Fuse target (Arc F Eliminated → Lenneth Widow Regent).','faction_canon_v30 §Crown','TS 28 per character_canon — no threshold crossing. Honor enters via valorian_court cultural template.');
INSERT INTO "npcs" VALUES('NPC-021','Arne','Himlensendt','Church','Confessor (Church Leader)','canonical','Confessor',NULL,NULL,'T9 (Himmelenger)',NULL,NULL,NULL,NULL,0.0,'ecclesiastical',NULL,'faction_canon_v30 §Church','Canonical per params/bg/core.md L233. Agent in Crown Inner Circle via Father Gustav Linder.');
INSERT INTO "npcs" VALUES('NPC-030','Elske','Almqvist','Crown (Royal Family)','Princess (married to Doux Alexios Laskaris)','canonical',NULL,NULL,NULL,NULL,'0',NULL,'3',NULL,NULL,NULL,'Off-board diplomatic asset. Elske Loyalty stat drives Laskaris PROTECTIVE behavior. Return arc possible.','faction_canon_v30 §Crown','Royal Assassination Fuse — not a direct target but her safety drives Alexios''s behavior.');
INSERT INTO "npcs" VALUES('NPC-031','Torben','Almqvist','Crown (Royal Family)','Prince (Heir Apparent)','canonical','Prince',NULL,NULL,NULL,NULL,NULL,NULL,NULL,NULL,NULL,'Arc E Bereaved Father (Royal Assassination Fuse target). Conviction emergence window Seasons 1–8 (ED-618).','faction_canon_v30 §Crown','Heir apparent. Convictions intentionally undefined at game start — emerge during play.');
INSERT INTO "npcs" VALUES('NPC-032','Lenneth','Almqvist','Crown (Royal Family)','Queen (Widow Regent if Almud eliminated)','canonical',NULL,NULL,NULL,'T1 (Valorsplatz)',NULL,NULL,NULL,NULL,-0.2,'valorian_court','Arc D The Avenger. If Almud eliminated (Arc F): becomes Widow Regent. Pro-Restoration — institutional revivalist, allied with Yrsa Vossen.','npc_character_analyses §2, faction_canon_v30 §Crown','Queen Lenneth Almqvist. Archivist by training. PP-685 §2.3 ecclesiastical profile was misattribution. Lenneth archive awakened Torsvald''s TS (character_analyses_infill §5).');
INSERT INTO "npcs" VALUES('NPC-033','Kolbrun','Thale','Crown (Inner Circle)','Spymaster','canonical',NULL,NULL,NULL,NULL,NULL,NULL,NULL,NULL,0.0,'valorian_court','Sole inner-circle contact to settlement-layer intelligence brokers. Certainty 3 (lowest in Inner Circle).','faction_canon_v30 §Crown sub-Organizations',NULL);
INSERT INTO "npcs" VALUES('NPC-034','Gustav','Linder','Church (dual-loyalty: Crown Inner Circle agent for Himlensendt)','Archbishop''s Representative / Father','canonical','Father',NULL,NULL,NULL,NULL,NULL,NULL,NULL,0.0,'ecclesiastical','Dual-loyalty NPC — Himlensendt''s agent inside Crown Inner Circle. Certainty 5 (highest).','faction_canon_v30 §Crown sub-Organizations',NULL);
INSERT INTO "npcs" VALUES('NPC-035','Theodor','Kreutz','Crown (Inner Circle) / Löwenritter Liaison','Royal Guard Captain','canonical',NULL,NULL,NULL,NULL,NULL,NULL,NULL,NULL,-0.1,'lowenritter_military','Pre-designated allegiance to Almud personally. His removal triggers Löwenritter Autonomy escalation toward Split.','faction_canon_v30 §Crown sub-Organizations',NULL);
INSERT INTO "npcs" VALUES('NPC-036','Wilhelm','Voss','Crown (Inner Circle)','Royal Marshal','canonical',NULL,NULL,NULL,NULL,NULL,NULL,NULL,NULL,0.0,'valorian_court',NULL,'faction_canon_v30 §Crown sub-Organizations',NULL);
INSERT INTO "npcs" VALUES('NPC-037','Annalie','Reichard','Crown (Inner Circle)','Lord Treasurer','canonical',NULL,NULL,NULL,NULL,NULL,NULL,NULL,NULL,0.0,'valorian_court',NULL,'faction_canon_v30 §Crown sub-Organizations','Crown Lord Treasurer. Cardinal Reichard STRUCK.');
INSERT INTO "npcs" VALUES('NPC-038','Arnlod','Olafsson','Church','Cardinal Justice (oversees Inquisition)','canonical',NULL,NULL,NULL,NULL,NULL,NULL,NULL,NULL,0.0,'ecclesiastical',NULL,'faction_canon_v30 §Church','Cardinal Justice. Per Jordan 2026-05-08.');
INSERT INTO "npcs" VALUES('NPC-039','Magnus','Klapp','Church','Cardinal (Temperance candidate)','canonical',NULL,NULL,NULL,NULL,NULL,NULL,NULL,NULL,-0.1,'ecclesiastical','Scholar''s Dilemma — TS exposure via archive work.','faction_canon_v30 §Church','NPC-051 (''Klapp'') references in arcs (Klapp Combat, Klapp Thread, etc.) refer to this character''s surname, not a separate NPC.');
INSERT INTO "npcs" VALUES('NPC-040','Osten','Jarnstal','Church','Cardinal (Fortitude candidate)','canonical',NULL,NULL,NULL,NULL,NULL,NULL,NULL,NULL,0.0,'ecclesiastical',NULL,'faction_canon_v30 §Church',NULL);
INSERT INTO "npcs" VALUES('NPC-041','Aldric','Hann','Restoration Movement','RM Visible Leadership (alongside Yrsa Vossen)','canonical',NULL,NULL,NULL,NULL,NULL,NULL,NULL,NULL,NULL,NULL,NULL,'faction_canon_v30 §11 (caste/organization hierarchy)','RESOLVED: distinct character from NPC-013 Aldric Tormann (Church Cardinal Prudence). Aldric Hann is RM visible leadership. Two different factions, different surnames.');
INSERT INTO "npcs" VALUES('NPC-050','Inge','Baralta','Hafenmark','Duchess (Sovereign Authority claimant, Custodian/Claimant foil with Almud)','canonical','Duchess',NULL,NULL,NULL,NULL,NULL,NULL,NULL,-0.3,'hafenmark_procedural','Six foil pairings per npc_foils_v30: Almud ↔ Baralta (Custodian/Claimant); Lenneth ↔ Baralta (campaign-defining); Baralta ↔ Vaynard (total opposition).','npc_behavior_v30 §2.3, npc_character_analyses §6, faction_canon_v30',NULL);
INSERT INTO "npcs" VALUES('NPC-052','Magnus','Vaynard','Varfell','Duke (Varfell Leader)','canonical','Duke',NULL,NULL,NULL,NULL,NULL,NULL,NULL,-0.4,'lowenritter_military','Von Lohengramm programme — revolutionary expulsion. If eliminated, Maret Uln succession (PP-486).','npc_behavior_v30 §2.4, npc_character_analyses_infill §5, faction_canon_v30','PP-650 STRUCK on Cultural Reformation + VTM associations; character active. Reinhardt von Lohengramm archetype per Jordan.');
INSERT INTO "npcs" VALUES('NPC-070','Lisbeth','Ehrenwall','Löwenritter','Grandmaster','canonical',NULL,NULL,NULL,NULL,'0',NULL,'4','Consequence',-0.1,'lowenritter_military','Drives Autonomy track (Loyal→Restless→Autonomous→Split). Brandt succession if removed. Konrad von Jungingen archetype — if Autonomy track reaches Split, the Tannenberg parallel completes.','behavior_v30 §2.5',NULL);
INSERT INTO "npcs" VALUES('NPC-071','Torvi','Heljason','Hafenmark (Inner Council)','Legal Advisor to Baralta','canonical',NULL,NULL,NULL,NULL,NULL,NULL,'5','Evidence',NULL,'hafenmark_procedural',NULL,'behavior_v30 §2.16',NULL);
INSERT INTO "npcs" VALUES('NPC-072','Olaf','Geirson','Hafenmark (Inner Council)','Military Commander','canonical',NULL,NULL,NULL,NULL,NULL,NULL,'4','Consequence',NULL,'hafenmark_procedural',NULL,'behavior_v30 §2.16',NULL);
INSERT INTO "npcs" VALUES('NPC-073','Björn','Holdar','Varfell (Jarl Council)','Senior Jarl of the Western Highlands','canonical',NULL,NULL,NULL,NULL,NULL,NULL,'3','Consequence',NULL,'einhir_traditional',NULL,'behavior_v30 §2.17',NULL);
INSERT INTO "npcs" VALUES('NPC-074','Ingrid','Stenskald','Varfell (Jarl Council)','Skald-Chief','canonical',NULL,NULL,NULL,NULL,NULL,NULL,'3','Solidarity',NULL,'einhir_traditional',NULL,'behavior_v30 §2.17',NULL);
INSERT INTO "npcs" VALUES('NPC-075','Orm',NULL,'Independent (Southernmost Wardens)','Second Senior Warden','canonical',NULL,NULL,NULL,'T15 (Southernmost)','60',NULL,'0','Evidence',-0.2,'einhir_traditional','Arc C: death-Mending seals one Gap permanently (RS +5). 31 years at the Southernmost. Chernobyl liquidator archetype.','arc_expansion_v30',NULL);
INSERT INTO "npcs" VALUES('NPC-080','Vidar','Haldorsen','Löwenritter','Riskbreaker (doctrine-following — foil to Torsvald)','proposed',NULL,NULL,NULL,NULL,'0',NULL,'5','Authority',NULL,'lowenritter_military','Completes missions Sigrid aborts. TS 0 = can''t see Thread collateral. Pre-germ-theory surgeon archetype — perceptual limitation, not malice. Cannot see Thread collateral (TS 0).','proposed',NULL);
INSERT INTO "npcs" VALUES('NPC-081','Uta','Falkenrath','Hafenmark (Inner Council','Commune Representative (Banneret)','proposed',NULL,NULL,NULL,NULL,NULL,NULL,NULL,'Consequence',NULL,'hafenmark_procedural','"IC seat','proposed',NULL);
INSERT INTO "npcs" VALUES('NPC-082','Njal','Torberg','Varfell (Jarl Council','Military Jarl','proposed',NULL,NULL,NULL,NULL,NULL,NULL,NULL,'Solidarity',NULL,'einhir_traditional','Fights for Einhir, not Vaynard. Fracture line if Vaynard''s ego diverges from cause. Einar Thambarskelfir archetype — conditional loyalty to the cause, not the person.','proposed',NULL);
INSERT INTO "npcs" VALUES('NPC-083','Hedda','Kronvald','Crown','Governor of Ehrenfeld (T14)','proposed',NULL,NULL,NULL,'T14 (Ehrenfeld)',NULL,NULL,NULL,'Evidence',NULL,'valorian_court','Switchboard NPC at geographic chokepoint (5 adjacencies). Matilda of Tuscany archetype — governed critical territory at the intersection of Pope and Emperor.','proposed',NULL);
INSERT INTO "npcs" VALUES('NPC-084','Frieda','Kessler','Guilds','Zunftmeisterin (Guildmaster Council)','proposed',NULL,NULL,NULL,NULL,NULL,NULL,NULL,'Solidarity',NULL,'hafenmark_procedural','Internal opposition to Feldhaus. Pushes Mandate over Wealth. Katharina Schütz Zell archetype — guild-class communal advocate.','proposed',NULL);
INSERT INTO "npcs" VALUES('NPC-085','Nessa','Grindvold','Guilds','Guild Advocate (legal representative at Crown court)','proposed',NULL,NULL,NULL,NULL,NULL,NULL,NULL,'Evidence',NULL,'hafenmark_procedural','Defends guild autonomy against Crown regulation. Bartolus de Saxoferrato archetype.','proposed',NULL);
INSERT INTO "npcs" VALUES('NPC-086','Joren','Bergvall','Guilds','Guild Surveyor (mapping maritime Forgetting boundary)','proposed',NULL,NULL,NULL,NULL,NULL,NULL,NULL,'Evidence',NULL,'hafenmark_procedural','Has data proving southern sea route is physically blocked, not politically. Undermines Varfell conspiracy narrative. Fra Mauro archetype.','proposed',NULL);
INSERT INTO "npcs" VALUES('NPC-087','Uwe','Askeland','Restoration Movement','Buditel (hedge school teacher)','proposed',NULL,NULL,NULL,NULL,NULL,NULL,NULL,'Solidarity',NULL,'restoration_reformist','Illegal Einhir education in southwest. Player discovery → protect/report/leverage. Josef Dobrovský archetype.','proposed',NULL);
INSERT INTO "npcs" VALUES('NPC-088','Carin','Vedel','Restoration Movement','Pamphleteer (suppressed Einhir cultural texts)','proposed',NULL,NULL,NULL,NULL,NULL,NULL,NULL,'Evidence',NULL,'restoration_reformist','Propagation mechanism. Pamphlets increase Church AP across map. William Tyndale archetype.','proposed',NULL);
INSERT INTO "npcs" VALUES('NPC-089','Zoe','Palaiologina','Altonia','Katepano (frontier governor)','proposed',NULL,NULL,NULL,NULL,NULL,NULL,NULL,'Consequence',NULL,'altonian_imperial','Decides whether Altonia probes, presses, or invades. Sincere imperialist. Basil Boioannes archetype.','proposed',NULL);
INSERT INTO "npcs" VALUES('NPC-090','Stephanos','Doukas','Altonia','Kommerkiarios (trade prefect at Schoenland interface)','proposed',NULL,NULL,NULL,NULL,NULL,NULL,NULL,'Authority',NULL,'altonian_imperial','Enforces ancient trade treaties. Counterparty to Solberg. Book of the Eparch archetype.','proposed',NULL);
CREATE TABLE stats (npc_id TEXT, stat_name TEXT, stat_value TEXT);
INSERT INTO "stats" VALUES('NPC-001','cognition','5');
INSERT INTO "stats" VALUES('NPC-001','focus','5');
INSERT INTO "stats" VALUES('NPC-001','endurance','4');
INSERT INTO "stats" VALUES('NPC-001','social','3–4');
COMMIT;
